{
    "_runtime": 69179.68549513817,
    "_step": 18,
    "_timestamp": 1575245024.2391124,
    "train-loss": 0.9752179384231567,
    "train-mrr": {
        "_type": "numpy.ndarray",
        "var": 0.18265579640865326,
        "mean": 0.515221357345581,
        "min": 0.0010917030740529299,
        "max": 1.0,
        "10%": 0.007806443795561791,
        "25%": 0.0625,
        "75%": 1.0,
        "90%": 1.0,
        "size": 1000
    }
}
